timestamp,message
2026-09-13T10:23:06.253541+00:00,chore(workworkdo): sync remote snapshot
2026-09-13T10:23:35.701827+00:00,chore(workworkdo): sync remote snapshot
2026-09-13T10:24:15.683536+00:00,chore(workworkdo): regenerate daily grid
2026-09-13T14:54:55.495821+00:00,chore(workworkdo): sync remote snapshot
2026-09-13T21:26:00.646543+00:00,chore(workworkdo): update feed cache
2026-09-14T08:54:24.801171+00:00,chore(workworkdo): refresh activity snapshot
2026-09-14T14:55:38.877633+00:00,chore(workworkdo): refresh activity snapshot
2026-09-14T14:55:38.899340+00:00,chore(workworkdo): rebuild commit dashboard
2026-09-14T14:55:38.977432+00:00,chore(workworkdo): update feed cache
2026-09-14T21:53:03.522768+00:00,chore(workworkdo): update feed cache
2026-09-14T21:53:03.552643+00:00,chore(workworkdo): sync remote snapshot
2026-09-14T21:53:03.582409+00:00,chore(workworkdo): regenerate daily grid
2026-09-15T08:45:17.777516+00:00,chore(workworkdo): refresh metadata
2026-09-15T08:45:17.802123+00:00,chore(workworkdo): update dashboard assets
2026-09-15T08:45:17.826066+00:00,chore(workworkdo): refresh activity snapshot
2026-09-15T17:41:16.896232+00:00,chore(workworkdo): refresh metadata
2026-09-15T17:41:16.927809+00:00,chore(workworkdo): update dashboard assets
2026-09-15T17:41:16.957362+00:00,chore(workworkdo): refresh activity snapshot
2026-09-15T21:25:10.100113+00:00,chore(workworkdo): refresh metadata
2026-09-15T21:25:10.123743+00:00,chore(workworkdo): update dashboard assets
2026-09-15T21:25:10.147094+00:00,chore(workworkdo): refresh activity snapshot
2026-09-16T08:39:34.641307+00:00,chore(workworkdo): refresh activity snapshot
2026-09-16T08:39:34.674595+00:00,chore(workworkdo): rebuild commit dashboard
2026-09-16T08:39:34.707850+00:00,chore(workworkdo): update feed cache
2026-09-16T17:38:35.063962+00:00,chore(workworkdo): sync remote snapshot
2026-09-16T17:38:35.086521+00:00,chore(workworkdo): regenerate daily grid
2026-09-16T17:38:35.204204+00:00,chore(workworkdo): bump workdo radar
2026-09-16T21:22:02.410416+00:00,chore(workworkdo): sync remote snapshot
2026-09-16T21:22:02.442479+00:00,chore(workworkdo): regenerate daily grid
2026-09-16T21:22:02.472568+00:00,chore(workworkdo): bump workdo radar
2026-09-17T08:43:10.499356+00:00,chore(workworkdo): regenerate daily grid
2026-09-17T08:43:10.531297+00:00,chore(workworkdo): bump workdo radar
2026-09-17T08:43:10.560844+00:00,chore(workworkdo): refresh metadata
2026-09-17T17:39:01.231104+00:00,chore(workworkdo): regenerate daily grid
2026-09-17T17:39:01.261643+00:00,chore(workworkdo): bump workdo radar
2026-09-17T17:39:01.292026+00:00,chore(workworkdo): refresh metadata
2026-09-17T21:26:33.302053+00:00,chore(workworkdo): update dashboard assets
2026-09-17T21:26:33.334117+00:00,chore(workworkdo): refresh activity snapshot
2026-09-17T21:26:33.366054+00:00,chore(workworkdo): rebuild commit dashboard
2026-09-18T08:18:51.224104+00:00,chore(workworkdo): sync remote snapshot
2026-09-18T08:18:51.257808+00:00,chore(workworkdo): regenerate daily grid
2026-09-18T08:18:51.290704+00:00,chore(workworkdo): bump workdo radar
2026-07-21T12:00:00+00:00,chore(workworkdo): update feed cache
2026-07-22T12:00:00+00:00,chore(workworkdo): sync remote snapshot
2026-07-23T12:00:00+00:00,chore(workworkdo): regenerate daily grid
2026-07-24T12:00:00+00:00,chore(workworkdo): bump workdo radar
2026-07-25T12:00:00+00:00,chore(workworkdo): refresh metadata
2026-07-26T12:00:00+00:00,chore(workworkdo): update dashboard assets
2026-07-27T12:00:00+00:00,chore(workworkdo): refresh activity snapshot
2026-07-28T12:00:00+00:00,chore(workworkdo): rebuild commit dashboard
2026-07-29T12:00:00+00:00,chore(workworkdo): update feed cache
2026-07-30T12:00:00+00:00,chore(workworkdo): sync remote snapshot
2026-07-31T12:00:00+00:00,chore(workworkdo): regenerate daily grid
2026-08-01T12:00:00+00:00,chore(workworkdo): bump workdo radar
2026-08-02T12:00:00+00:00,chore(workworkdo): refresh metadata
2026-08-03T12:00:00+00:00,chore(workworkdo): update dashboard assets
2026-08-04T12:00:00+00:00,chore(workworkdo): refresh activity snapshot
2026-08-05T12:00:00+00:00,chore(workworkdo): rebuild commit dashboard
2026-08-06T12:00:00+00:00,chore(workworkdo): update feed cache
2026-08-07T12:00:00+00:00,chore(workworkdo): sync remote snapshot
2026-08-08T12:00:00+00:00,chore(workworkdo): regenerate daily grid
2026-08-09T12:00:00+00:00,chore(workworkdo): bump workdo radar
2026-08-10T12:00:00+00:00,chore(workworkdo): refresh metadata
2026-08-11T12:00:00+00:00,chore(workworkdo): update dashboard assets
2026-08-12T12:00:00+00:00,chore(workworkdo): refresh activity snapshot
2026-08-13T12:00:00+00:00,chore(workworkdo): rebuild commit dashboard
2026-08-14T12:00:00+00:00,chore(workworkdo): update feed cache
2026-08-15T12:00:00+00:00,chore(workworkdo): sync remote snapshot
2026-08-16T12:00:00+00:00,chore(workworkdo): regenerate daily grid
2026-08-17T12:00:00+00:00,chore(workworkdo): bump workdo radar
2026-08-18T12:00:00+00:00,chore(workworkdo): refresh metadata
2026-08-19T12:00:00+00:00,chore(workworkdo): update dashboard assets
2026-08-20T12:00:00+00:00,chore(workworkdo): refresh activity snapshot
2026-08-21T12:00:00+00:00,chore(workworkdo): rebuild commit dashboard
2026-08-21T19:06:01.934349+00:00,chore(workworkdo): regenerate daily grid
